Portuguese;English
"Estou com fome.";"I'm hungry."
"O que tem para o jantar?";"What's for dinner?"
"A conta, por favor.";"The check, please."
"Essa comida está uma delícia.";"This food is delicious."
"Você aceita um café?";"Would you like some coffee?"
"Pode me passar o sal, por favor?";"Can you pass me the salt, please?"
"Eu sou vegetariano.";"I am a vegetarian."
"Vamos almoçar juntos amanhã?";"Shall we have lunch together tomorrow?"
"Qual é o prato do dia?";"What is the dish of the day?"
"Tô morrendo de sede.";"I'm dying of thirst."
"Eu adoro comida brasileira.";"I love Brazilian food."
"Tem mesa para duas pessoas?";"Do you have a table for two?"
"Vou querer uma água com gás.";"I'll have a sparkling water."
"Você gosta de comida apimentada?";"Do you like spicy food?"
"O que você vai querer beber?";"What are you going to want to drink?"
"Bom apetite!";"Enjoy your meal!"
"Eu já comi, obrigado.";"I've already eaten, thank you."
"Preciso ir ao supermercado.";"I need to go to the supermarket."
"A comida está muito salgada.";"The food is too salty."
"Quer mais um pouco?";"Do you want a little more?"
"Não, obrigado, estou satisfeito.";"No, thank you, I'm full."
"Vamos pedir uma pizza hoje?";"Shall we order a pizza today?"
"Eu tenho alergia a camarão.";"I'm allergic to shrimp."
"O garçom já vem.";"The waiter is coming."
"O que você me recomenda?";"What do you recommend?"
"Já tomou café da manhã?";"Have you had breakfast yet?"
"Isso aqui tá muito bom!";"This is really good!"
"A janta está quase pronta.";"Dinner is almost ready."
"Eu prefiro suco natural.";"I prefer natural juice."
"Quem vai lavar a louça?";"Who is going to do the dishes?"
"Esse bolo parece gostoso.";"This cake looks tasty."
"Cuidado, o prato está quente.";"Be careful, the plate is hot."
"Podemos ver o cardápio?";"Can we see the menu?"
"Vou querer o bife bem passado.";"I'll have the steak well-done."
"Essa sopa está fria.";"This soup is cold."
"A gente sempre come feijão com arroz.";"We always eat rice and beans."
"Você sabe fazer brigadeiro?";"Do you know how to make brigadeiro?"
"Falta comprar pão e leite.";"We still need to buy bread and milk."
"Tem alguma opção sem glúten?";"Is there a gluten-free option?"
"Vamos dividir a sobremesa?";"Shall we share the dessert?"
"O peixe está fresco?";"Is the fish fresh?"
"Eu como de tudo.";"I eat everything."
"Gostaria de fazer um pedido.";"I would like to place an order."
"O meu suco é de laranja.";"My juice is orange juice."
"Coloca a mesa, por favor.";"Set the table, please."
"Eu estou de dieta.";"I'm on a diet."
"Aquele restaurante é muito caro.";"That restaurant is very expensive."
"O que vamos comer de sobremesa?";"What are we having for dessert?"
"Você pode trazer mais guardanapos?";"Can you bring more napkins?"
"A feijoada de sábado é tradição.";"Saturday's feijoada is a tradition."
"Eu gostaria de fazer uma reserva.";"I would like to make a reservation."
"Quanto custa a passagem de avião?";"How much is the plane ticket?"
"O voo está no horário?";"Is the flight on time?"
"Onde eu posso pegar minha bagagem?";"Where can I get my luggage?"
"Você pode chamar um táxi pra mim, por favor?";"Can you call a taxi for me, please?"
"Tenho uma reserva em nome de...";"I have a reservation under the name of..."
"A que horas é o check-out?";"What time is check-out?"
"O café da manhã está incluído?";"Is breakfast included?"
"Com licença, onde fica a estação de metrô mais próxima?";"Excuse me, where is the nearest subway station?"
"Como eu chego no centro da cidade?";"How do I get to the city center?"
"Você pode me mostrar no mapa?";"Can you show me on the map?"
"Fica longe daqui?";"Is it far from here?"
"Que horas abre o museu?";"What time does the museum open?"
"Eu queria comprar dois ingressos, por favor.";"I'd like to buy two tickets, please."
"Qual é o ponto turístico mais famoso daqui?";"What is the most famous tourist spot here?"
"Podemos tirar uma foto aqui?";"Can we take a picture here?"
"O cardápio, por favor.";"The menu, please."
"O que você me recomenda?";"What do you recommend?"
"A conta, por favor.";"The bill, please."
"Posso pagar com cartão de crédito?";"Can I pay with a credit card?"
"Quanto custa isso?";"How much does this cost?"
"Estou só olhando, obrigado.";"I'm just looking, thank you."
"Você pode me ajudar, por favor?";"Can you help me, please?"
"Eu não falo português muito bem.";"I don't speak Portuguese very well."
"Você fala inglês?";"Do you speak English?"
"Onde tem um caixa eletrônico?";"Where is an ATM?"
"Qual é a senha do Wi-Fi?";"What is the Wi-Fi password?"
"Eu preciso ir pro aeroporto.";"I need to go to the airport."
"Este ônibus vai pra praia?";"Does this bus go to the beach?"
"Perdi meu passaporte.";"I lost my passport."
"Preciso de um médico.";"I need a doctor."
"É seguro andar por aqui à noite?";"Is it safe to walk around here at night?"
"Eu gostaria de alugar um carro.";"I would like to rent a car."
"A viagem foi ótima!";"The trip was great!"
"Adorei conhecer o Brasil.";"I loved visiting Brazil."
"Onde eu posso comprar um chip de celular?";"Where can I buy a SIM card?"
"Tem algum restaurante bom por aqui?";"Are there any good restaurants around here?"
"Vou querer um suco de laranja, por favor.";"I'll have an orange juice, please."
"A gorjeta está incluída no serviço?";"Is the tip included in the service?"
"Meu portão de embarque é o 15.";"My boarding gate is 15."
"Eu preciso despachar uma mala.";"I need to check one bag."
"Esta é minha bagagem de mão.";"This is my carry-on luggage."
"Você pode me dar um desconto?";"Can you give me a discount?"
"Vocês aceitam dinheiro?";"Do you guys take cash?"
"Com licença, tem um banheiro por aqui?";"Excuse me, is there a bathroom around here?"
"Estou procurando um presente pra minha família.";"I'm looking for a gift for my family."
"Que lugar bonito!";"What a beautiful place!"
"O tempo está maravilhoso hoje.";"The weather is wonderful today."
"Você tem um mapa da cidade?";"Do you have a city map?"
"Nós vamos ficar por uma semana.";"We are going to stay for a week."
"Minha mãe se chama Ana.";"My mother's name is Ana."
"Você tem irmãos?";"Do you have siblings?"
"Meu melhor amigo mora perto da minha casa.";"My best friend lives near my house."
"Vamos fazer um churrasco no domingo?";"Are we going to have a barbecue on Sunday?"
"Como estão seus pais?";"How are your parents?"
"Eu tenho uma irmã mais nova e um irmão mais velho.";"I have a younger sister and an older brother."
"A gente se conhece desde a escola.";"We've known each other since school."
"Manda um abraço para sua família.";"Send a hug to your family."
"Meus avós vêm nos visitar no próximo mês.";"My grandparents are coming to visit us next month."
"Ele é casado e tem dois filhos.";"He is married and has two children."
"Sinto saudades de conversar com você.";"I miss talking to you."
"Minha família é muito unida.";"My family is very close-knit."
"Que tal a gente ir ao cinema no sábado?";"How about we go to the movies on Saturday?"
"Ela é minha prima por parte de mãe.";"She is my cousin on my mother's side."
"Meus amigos são como uma segunda família para mim.";"My friends are like a second family to me."
"O aniversário da minha sobrinha é amanhã.";"My niece's birthday is tomorrow."
"Faz tempo que não vejo meus tios.";"It's been a while since I've seen my aunt and uncle."
"A gente precisa marcar de se encontrar.";"We need to schedule a get-together."
"Você se dá bem com seus sogros?";"Do you get along with your in-laws?"
"Meu pai adora pescar nos fins de semana.";"My father loves to go fishing on the weekends."
"Fui visitar uma amiga que estava doente.";"I went to visit a friend who was sick."
"Toda a minha família se reúne no Natal.";"My whole family gets together at Christmas."
"Pode contar comigo para o que der e vier.";"You can count on me for whatever happens."
"Vou ser padrinho de casamento do meu irmão.";"I'm going to be the best man at my brother's wedding."
"Minha filha se parece muito comigo.";"My daughter looks a lot like me."
"E aí, alguma novidade?";"Hey, any news?"
"Estamos planejando uma viagem com amigos.";"We are planning a trip with friends."
"A festa foi ótima, todo mundo se divertiu.";"The party was great, everyone had fun."
"Minha avó faz o melhor bolo de chocolate do mundo.";"My grandmother makes the best chocolate cake in the world."
"Vamos almoçar juntos na semana que vem?";"Shall we have lunch together next week?"
"Ele é amigo de infância do meu marido.";"He is a childhood friend of my husband."
"Meus pais me apoiam em todas as minhas decisões.";"My parents support me in all my decisions."
"Estou com saudades da comida da minha mãe.";"I miss my mom's cooking."
"O que você acha de chamar nossos amigos para jantar?";"What do you think about inviting our friends over for dinner?"
"Meu sobrinho acabou de aprender a andar.";"My nephew just learned how to walk."
"Ela sempre me dá ótimos conselhos.";"She always gives me great advice."
"A gente ri muito quando estamos juntos.";"We laugh a lot when we're together."
"Você vai passar o feriado com a sua família?";"Are you going to spend the holiday with your family?"
"Eu considero você parte da família.";"I consider you part of the family."
"Meu cunhado é muito gente boa.";"My brother-in-law is a really nice guy."
"Preciso ligar para os meus pais hoje à noite.";"I need to call my parents tonight."
"Vamos nos encontrar lá na casa da Julia.";"Let's meet over at Julia's house."
"A amizade de vocês é muito bonita.";"Your friendship is very beautiful."
"Minha irmã está grávida de uma menina.";"My sister is pregnant with a girl."
"O filho do meu amigo nasceu ontem.";"My friend's son was born yesterday."
"É sempre bom ter amigos com quem podemos contar.";"It's always good to have friends we can count on."
"Vamos tirar uma foto de todo mundo junto?";"Should we take a picture of everyone together?"
"Minha madrinha mora em outra cidade.";"My godmother lives in another city."
"Ele me apresentou para o seu grupo de amigos.";"He introduced me to his group of friends."
"O almoço de domingo na casa da minha avó é uma tradição.";"Sunday lunch at my grandma's house is a tradition."
"Eu acordo às sete horas todos os dias.";"I wake up at seven o'clock every day."
"A primeira coisa que eu faço é olhar o celular.";"The first thing I do is look at my phone."
"Eu preciso levantar e começar o dia.";"I need to get up and start the day."
"Vou tomar um banho rápido para despertar.";"I'm going to take a quick shower to wake up."
"Eu escovo os dentes depois do café da manhã.";"I brush my teeth after breakfast."
"O que você geralmente come no café da manhã?";"What do you usually eat for breakfast?"
"Eu sempre tomo uma xícara de café preto.";"I always have a cup of black coffee."
"Depois eu me visto para ir trabalhar.";"Then I get dressed to go to work."
"Tenho que sair de casa em dez minutos.";"I have to leave the house in ten minutes."
"Eu pego o ônibus para o trabalho.";"I take the bus to work."
"Eu levo meus filhos para a escola de manhã.";"I take my kids to school in the morning."
"O trânsito hoje está terrível.";"The traffic today is terrible."
"Eu começo a trabalhar às nove da manhã.";"I start working at nine in the morning."
"A primeira coisa que faço no escritório é ler meus e-mails.";"The first thing I do at the office is read my emails."
"Eu tenho muitas reuniões hoje.";"I have a lot of meetings today."
"Vou fazer uma pausa para o café.";"I'm going to take a coffee break."
"Eu costumo almoçar ao meio-dia.";"I usually have lunch at noon."
"Eu trago marmita de casa para o almoço.";"I bring a packed lunch from home for lunch."
"Meu dia de trabalho é sempre muito corrido.";"My workday is always very busy."
"Eu saio do trabalho às seis da tarde.";"I leave work at six in the evening."
"Hoje eu vou direto para a academia depois do expediente.";"Today I'm going straight to the gym after work."
"Estou voltando para casa agora.";"I'm heading home now."
"Eu chego em casa cansado todos os dias.";"I get home tired every day."
"Eu tiro os sapatos assim que chego em casa.";"I take off my shoes as soon as I get home."
"O que vamos fazer para o jantar?";"What are we going to make for dinner?"
"Eu preciso cozinhar o jantar.";"I need to cook dinner."
"Nós sempre jantamos em família.";"We always have dinner as a family."
"Depois de jantar, eu lavo a louça.";"After dinner, I do the dishes."
"Eu gosto de assistir a um seriado na TV à noite.";"I like to watch a TV series at night."
"Eu leio um pouco antes de dormir.";"I read a little before sleeping."
"Vou dar uma olhada nas redes sociais.";"I'm going to check social media."
"Eu ajudo meu filho com a lição de casa.";"I help my son with his homework."
"Eu converso com minha esposa sobre como foi o dia.";"I talk to my wife about how the day was."
"Preciso colocar a roupa para lavar.";"I need to put the clothes in to wash."
"Eu levo o cachorro para passear à noite.";"I take the dog for a walk at night."
"Estou com muito sono, vou para a cama.";"I'm very sleepy, I'm going to bed."
"Já está na minha hora de dormir.";"It's my bedtime."
"Eu sempre escovo os dentes antes de deitar.";"I always brush my teeth before lying down."
"Não se esqueça de colocar o despertador para amanhã.";"Don't forget to set the alarm for tomorrow."
"Eu coloco meu celular para carregar.";"I put my phone to charge."
"Eu costumo dormir por volta das onze da noite.";"I usually go to sleep around eleven at night."
"Boa noite e bons sonhos.";"Good night and sweet dreams."
"Nos fins de semana, eu gosto de acordar mais tarde.";"On weekends, I like to wake up later."
"Eu preciso ir ao supermercado depois do trabalho.";"I need to go to the supermarket after work."
"Aos sábados, eu faço a limpeza da casa.";"On Saturdays, I do the house cleaning."
"Eu preparo minhas roupas para o dia seguinte.";"I prepare my clothes for the next day."
"Eu tento beber bastante água durante o dia.";"I try to drink a lot of water during the day."
"Eu faço uma pequena caminhada pela manhã.";"I take a short walk in the morning."
"Eu ouço música enquanto trabalho.";"I listen to music while I work."
"Eu organizo minha agenda para a semana.";"I organize my schedule for the week."
"Estou muito feliz hoje.";"I'm very happy today."
"Que alegria te ver!";"What a joy to see you!"
"Ele ficou muito animado com a notícia.";"He got very excited about the news."
"Eu me sinto ótimo.";"I feel great."
"A gente se divertiu muito ontem.";"We had a lot of fun yesterday."
"Estou de bom humor.";"I'm in a good mood."
"Isso me deixa muito contente.";"This makes me very pleased."
"Ela está radiante de felicidade.";"She is beaming with happiness."
"Sinto-me um pouco triste.";"I feel a little sad."
"Ele ficou chateado com você.";"He got upset with you."
"Que pena que você não pode vir.";"What a shame you couldn't come."
"Fiquei desapontado com o filme.";"I was disappointed with the movie."
"Sinto muito pelo que aconteceu.";"I'm very sorry for what happened."
"Ela está se sentindo para baixo.";"She is feeling down."
"Estou com o coração partido.";"I'm heartbroken."
"Não fique assim, vai passar.";"Don't be like that, it will pass."
"Estou com muita raiva.";"I'm very angry."
"Isso me irrita profundamente.";"This deeply irritates me."
"Ele perdeu a paciência.";"He lost his patience."
"Não acredito que você fez isso, que raiva!";"I can't believe you did that, I'm so angry!"
"Ela está furiosa com a situação.";"She is furious with the situation."
"Que saco! Perdi o ônibus.";"How annoying! I missed the bus."
"Estou frustrado com meu progresso.";"I'm frustrated with my progress."
"Estou com medo.";"I'm scared."
"Ela tem pavor de altura.";"She has a dread of heights."
"Fiquei assustado com o barulho.";"I got scared by the noise."
"Estou preocupado com você.";"I'm worried about you."
"Eu fico ansioso antes de apresentações.";"I get anxious before presentations."
"Isso me dá um frio na barriga.";"This gives me butterflies in my stomach."
"Não se preocupe, vai dar tudo certo.";"Don't worry, everything will be alright."
"Que surpresa boa!";"What a nice surprise!"
"Fiquei chocado com a notícia.";"I was shocked by the news."
"Nossa, eu não esperava por isso.";"Wow, I wasn't expecting that."
"Estou impressionada com seu talento.";"I'm impressed with your talent."
"Isso é incrível!";"This is incredible!"
"Eu te amo.";"I love you."
"Estou com saudade da minha família.";"I miss my family."
"Sinto muito a sua falta.";"I miss you a lot."
"Ela está apaixonada.";"She is in love."
"Tenho muito carinho por ele.";"I'm very fond of him."
"Que alívio!";"What a relief!"
"Sinto-me mais calmo agora.";"I feel calmer now."
"Fiquei com muita vergonha.";"I was very embarrassed."
"Estou confuso com as instruções.";"I'm confused by the instructions."
"Estou orgulhoso do que você fez.";"I'm proud of what you did."
"Ele está com ciúmes.";"He is jealous."
"Sinto-me culpada por não ter ligado.";"I feel guilty for not having called."
"Estou exausto e sem paciência.";"I'm exhausted and out of patience."
"Eu me senti ofendido com o comentário.";"I felt offended by the comment."
"Hoje estou me sentindo otimista.";"Today I'm feeling optimistic."
"O que é isso?";"What is this?"
"Você pode me ajudar?";"Can you help me?"
"Onde fica o banheiro, por favor?";"Where is the bathroom, please?"
"Quanto custa?";"How much does it cost?"
"Que horas são?";"What time is it?"
"Desculpe, eu não entendi.";"Sorry, I didn't understand."
"Pode repetir, por favor?";"Can you repeat, please?"
"Pode falar mais devagar?";"Can you speak more slowly?"
"Como eu chego lá?";"How do I get there?"
"Preciso de ajuda com isto.";"I need help with this."
"Com licença, você tem um minuto?";"Excuse me, do you have a minute?"
"O que significa essa palavra?";"What does this word mean?"
"Você sabe onde eu posso encontrar um táxi?";"Do you know where I can find a taxi?"
"Me dá uma ajuda aqui, por favor?";"Give me a hand here, please?"
"Qual é a senha do Wi-Fi?";"What is the Wi-Fi password?"
"Poderia me informar onde é a saída?";"Could you tell me where the exit is?"
"Como assim?";"What do you mean?"
"Eu estou perdido.";"I'm lost."
"Você se importaria de me mostrar o caminho?";"Would you mind showing me the way?"
"Posso te fazer uma pergunta?";"Can I ask you a question?"
"Alguém pode me dar uma mãozinha?";"Can someone give me a little hand?"
"Tem algum problema se eu usar isto?";"Is there any problem if I use this?"
"Será que você poderia me ajudar?";"I wonder if you could help me?"
"Eu não sei como fazer isso.";"I don't know how to do this."
"Qual você recomenda?";"Which one do you recommend?"
"A que horas o museu fecha?";"What time does the museum close?"
"Poderia me dar um exemplo?";"Could you give me an example?"
"Desculpe o incômodo, mas preciso de ajuda.";"Sorry for the trouble, but I need help."
"Você entendeu o que eu disse?";"Did you understand what I said?"
"Ficou alguma dúvida?";"Are there any questions left?"
"Pode me trazer a conta, por favor?";"Can you bring me the bill, please?"
"Tem alguém aqui que fala inglês?";"Is there anyone here who speaks English?"
"Como se escreve o seu nome?";"How do you spell your name?"
"Eu não estou conseguindo conectar.";"I'm not managing to connect."
"Onde é o ponto de ônibus mais próximo?";"Where is the nearest bus stop?"
"Você aceita cartão?";"Do you take card?"
"Isto está certo?";"Is this correct?"
"O que você acha que eu devo fazer?";"What do you think I should do?"
"Pode me dar uma informação, por favor?";"Can you give me some information, please?"
"Eu preciso de um favor.";"I need a favor."
"Por que isso não está funcionando?";"Why isn't this working?"
"Você pode me explicar de novo?";"Can you explain it to me again?"
"Para onde vai este trem?";"Where does this train go?"
"Poderia me emprestar seu carregador?";"Could you lend me your charger?"
"O que aconteceu aqui?";"What happened here?"
"Tem certeza disso?";"Are you sure about that?"
"Teria como você verificar para mim?";"Would there be a way for you to check for me?"
"Onde eu posso comprar um bilhete?";"Where can I buy a ticket?"
"Me desculpe, eu não ouvi direito.";"I'm sorry, I didn't hear you correctly."
"Você sabe como consertar isso?";"Do you know how to fix this?"
"Quanto custa?";"How much does it cost?"
"Você pode me ajudar, por favor?";"Can you help me, please?"
"Estou só olhando, obrigado.";"I'm just looking, thank you."
"Onde fica o caixa?";"Where is the cashier?"
"Vocês aceitam cartão de crédito?";"Do you accept credit cards?"
"Vou pagar em dinheiro.";"I'll pay in cash."
"Posso provar esta roupa?";"Can I try this piece of clothing on?"
"Tem um tamanho maior?";"Do you have a larger size?"
"Qual é o preço disso?";"What is the price of this?"
"Tem algum desconto?";"Is there any discount?"
"Isso é para presente.";"This is for a gift."
"Você pode embrulhar?";"Can you gift wrap it?"
"Onde tem um caixa eletrônico por aqui?";"Where is an ATM around here?"
"Preciso sacar dinheiro.";"I need to withdraw money."
"A conta, por favor.";"The bill, please."
"Vou pagar no débito.";"I'll pay with a debit card."
"Pode parcelar a compra?";"Can I pay for the purchase in installments?"
"Em quantas vezes sem juros?";"In how many interest-free installments?"
"Você tem troco para cem reais?";"Do you have change for a hundred reais?"
"CPF na nota?";"Do you want to add your ID number to the receipt?"
"Eu gostaria de trocar este produto.";"I would like to exchange this product."
"Qual é a política de devolução?";"What is the return policy?"
"Onde ficam os provadores?";"Where are the fitting rooms?"
"Vou levar este.";"I'll take this one."
"Está muito caro.";"It's too expensive."
"A loja está em promoção.";"The store is having a sale."
"Você tem isso em outra cor?";"Do you have this in another color?"
"Precisa de sacola?";"Do you need a bag?"
"A senha, por favor.";"The PIN, please."
"Pagamento por aproximação.";"Contactless payment."
"A máquina de cartão não está funcionando.";"The card machine isn't working."
"Pode me dar a nota fiscal?";"Can you give me the receipt?"
"Eu perdi o recibo.";"I lost the receipt."
"O produto veio com defeito.";"The product came with a defect."
"Onde eu encontro a seção de sapatos?";"Where can I find the shoe section?"
"Este preço é negociável?";"Is this price negotiable?"
"Tem desconto para pagamento à vista?";"Is there a discount for paying upfront in cash?"
"Só isso, obrigado.";"That's all, thank you."
"Quanto eu devo?";"How much do I owe?"
"Eu gostaria de fazer uma devolução.";"I'd like to make a return."
"Onde posso pagar?";"Where can I pay?"
"Essa calça está na liquidação.";"These pants are on clearance."
"Aceita Pix?";"Do you accept Pix?"
"A sua via, por favor.";"Your copy, please."
"Me vê duzentos gramas de queijo.";"Give me two hundred grams of cheese."
"O valor total deu oitenta reais.";"The total amount came to eighty reais."
"Posso experimentar este tênis?";"Can I try on this sneaker?"
"Qual o seu número?";"What's your size?"
"Eu calço quarenta.";"I wear size forty."
"A que horas a loja fecha?";"What time does the store close?"
"Com licença, onde fica a estação de metrô mais próxima?";"Excuse me, where is the nearest subway station?"
"Como eu chego no museu, por favor?";"How do I get to the museum, please?"
"Você pode me ajudar? Estou perdido.";"Can you help me? I'm lost."
"Onde eu pego o ônibus para Copacabana?";"Where do I catch the bus to Copacabana?"
"Esse ônibus vai para o centro?";"Does this bus go downtown?"
"Qual é o caminho para o aeroporto?";"What is the way to the airport?"
"É muito longe daqui?";"Is it very far from here?"
"Dá pra ir a pé?";"Is it possible to go on foot?"
"Poderia me mostrar no mapa?";"Could you show me on the map?"
"Estou procurando este endereço.";"I'm looking for this address."
"Siga reto por dois quarteirões.";"Go straight for two blocks."
"Vire à direita na próxima esquina.";"Turn right at the next corner."
"Vire à esquerda no semáforo.";"Turn left at the traffic light."
"Atravesse a rua na faixa de pedestres.";"Cross the street at the crosswalk."
"Fica logo ali na esquina.";"It's right there on the corner."
"É do outro lado da avenida.";"It's on the other side of the avenue."
"Você vai ver um prédio grande à sua direita.";"You will see a big building on your right."
"Passe o banco e continue reto.";"Go past the bank and keep going straight."
"É a terceira rua à esquerda.";"It's the third street on the left."
"Não tem erro.";"You can't miss it."
"Qual é a próxima parada?";"What is the next stop?"
"Eu preciso descer no próximo ponto.";"I need to get off at the next stop."
"Onde eu posso comprar um bilhete de metrô?";"Where can I buy a subway ticket?"
"Este trem para na estação Central?";"Does this train stop at Central station?"
"Quanto custa a passagem de ônibus?";"How much is the bus fare?"
"Qual linha de metrô eu pego pra ir ao Maracanã?";"Which subway line do I take to go to Maracanã?"
"O metrô já fechou?";"Has the subway already closed?"
"De quanto em quanto tempo o ônibus passa?";"How often does the bus run?"
"Preciso fazer baldeação?";"Do I need to transfer?"
"Onde fica o ponto de ônibus mais perto?";"Where is the nearest bus stop?"
"Pode me levar para este endereço, por favor?";"Can you take me to this address, please?"
"Quanto fica a corrida até o hotel?";"How much is the fare to the hotel?"
"Você aceita cartão de crédito?";"Do you accept credit card?"
"Pode chamar um Uber pra mim, por favor?";"Can you call an Uber for me, please?"
"Onde é o ponto de táxi?";"Where is the taxi stand?"
"Pode parar aqui, por favor.";"Can you stop here, please?"
"Eu pedi um carro pelo aplicativo.";"I ordered a car through the app."
"Quanto tempo demora pra chegar?";"How long does it take to get there?"
"O trânsito tá muito ruim?";"Is the traffic very bad?"
"Onde tem um posto de gasolina por aqui?";"Where is there a gas station around here?"
"Preciso encher o tanque.";"I need to fill up the tank."
"Onde eu posso estacionar o carro?";"Where can I park the car?"
"Tem algum estacionamento por perto?";"Is there any parking lot nearby?"
"Qual é o limite de velocidade nesta rua?";"What is the speed limit on this street?"
"A gente tá indo na direção certa?";"Are we going in the right direction?"
"Quanto tempo leva para chegar lá de carro?";"How long does it take to get there by car?"
"Fica a uns dez minutos a pé.";"It's about a ten-minute walk."
"O aeroporto fica longe do centro da cidade?";"Is the airport far from the city center?"
"A rodoviária é perto daqui?";"Is the bus station near here?"
"Por favor, me avise quando for a minha parada.";"Please, let me know when it's my stop."
"Preciso responder uns e-mails agora.";"I need to answer some emails now."
"Tenho uma reunião importante às dez horas.";"I have an important meeting at ten o'clock."
"Estou trabalhando em um novo projeto.";"I'm working on a new project."
"Qual é o prazo para entregar o relatório?";"What is the deadline to turn in the report?"
"Hoje o dia no trabalho foi muito corrido.";"Today was a very busy day at work."
"Vou tirar uma pausa para o café.";"I'm going to take a coffee break."
"Você pode me ajudar com esta tarefa?";"Can you help me with this task?"
"Trabalho em home office a maior parte da semana.";"I work from home most of the week."
"Estou procurando um novo emprego.";"I'm looking for a new job."
"Mandei meu currículo para aquela vaga.";"I sent my resume for that position."
"Tenho uma entrevista de emprego amanhã de manhã.";"I have a job interview tomorrow morning."
"Meu chefe é bem exigente.";"My boss is very demanding."
"Vamos almoçar juntos hoje?";"Shall we have lunch together today?"
"A que horas você sai do trabalho?";"What time do you get off work?"
"A impressora quebrou de novo.";"The printer broke again."
"Preciso terminar isso antes de ir embora.";"I need to finish this before I leave."
"A reunião foi adiada para a próxima semana.";"The meeting was postponed to next week."
"Amanhã tenho prova de história.";"I have a history test tomorrow."
"Preciso estudar para o exame final.";"I need to study for the final exam."
"Você fez a lição de casa?";"Did you do the homework?"
"O professor explicou a matéria muito bem.";"The teacher explained the subject matter very well."
"Vou estudar na biblioteca com uns amigos.";"I'm going to study at the library with some friends."
"Qual é a sua matéria preferida?";"What is your favorite subject?"
"Eu faço faculdade de Administração.";"I'm studying Business Administration in college."
"Em que semestre da faculdade você está?";"What semester of college are you in?"
"Faltei na aula de ontem porque estava doente.";"I missed yesterday's class because I was sick."
"Tenho que entregar meu TCC no mês que vem.";"I have to submit my final paper next month."
"As aulas voltam em agosto.";"Classes start back in August."
"Estou no último ano do ensino médio.";"I'm in the last year of high school."
"As notas da prova já saíram?";"Are the test grades out yet?"
"É difícil conciliar o trabalho com os estudos.";"It's difficult to balance work with studies."
"Estou fazendo um curso online de marketing digital.";"I'm taking an online course in digital marketing."
"Consegui um estágio na minha área.";"I got an internship in my field."
"Preciso aprender a usar esse novo software.";"I need to learn how to use this new software."
"Tenho que fazer uma apresentação para a equipe.";"I have to give a presentation to the team."
"Meu computador travou no meio do trabalho.";"My computer froze in the middle of my work."
"O trânsito para o trabalho estava horrível hoje.";"The traffic to work was horrible today."
"Você trabalha ou estuda?";"Do you work or study?"
"Preciso focar mais nos meus estudos.";"I need to focus more on my studies."
"O prazo do projeto está muito apertado.";"The project's deadline is very tight."
"Vou me formar no final do ano.";"I'm going to graduate at the end of the year."
"Que horas começa a sua aula?";"What time does your class start?"
"Vou tirar uns dias de folga na semana que vem.";"I'm going to take a few days off next week."
"Preciso organizar minha agenda para não me perder.";"I need to organize my schedule so I don't get lost."
"Estou de férias da faculdade este mês.";"I'm on break from college this month."
"O ambiente de trabalho aqui é muito bom.";"The work environment here is very good."
"Onde você trabalha?";"Where do you work?"
"Passei na prova com uma nota boa.";"I passed the test with a good grade."
"A carga horária é de oito horas por dia.";"The workload is eight hours per day."
"Temos que trabalhar em equipe para terminar a tempo.";"We have to work as a team to finish on time."
"Oi, tudo bem?";"Hi, how are you?"
"E aí, beleza?";"Hey, what's up?"
"Como você tá?";"How are you doing?"
"Prazer em te conhecer.";"Nice to meet you."
"Faz tempo que a gente não se vê, hein?";"It's been a while since we've seen each other, huh?"
"Como foi o seu dia?";"How was your day?"
"Alguma novidade?";"Any news?"
"A semana tá muito corrida?";"Is the week very busy?"
"Tudo tranquilo por aí?";"Is everything cool over there?"
"Que calor, né?";"It's so hot, isn't it?"
"Nossa, tá um frio hoje!";"Wow, it's so cold today!"
"Parece que vai chover mais tarde.";"It looks like it's going to rain later."
"O tempo melhorou bastante.";"The weather has improved a lot."
"Você é daqui?";"Are you from around here?"
"Eu moro aqui perto.";"I live nearby."
"Você trabalha com o quê?";"What do you do for a living?"
"Como estão as coisas no trabalho?";"How are things at work?"
"Você gosta do que faz?";"Do you like what you do?"
"O que você vai fazer no fim de semana?";"What are you going to do on the weekend?"
"Tem algum plano pra hoje à noite?";"Do you have any plans for tonight?"
"Como foi seu feriado?";"How was your holiday?"
"Vamos marcar de tomar um café qualquer dia.";"Let's plan to have a coffee sometime."
"O que você gosta de fazer no seu tempo livre?";"What do you like to do in your free time?"
"Você já assistiu aquela série nova?";"Have you watched that new series?"
"Pode me recomendar um bom filme?";"Can you recommend a good movie?"
"Que tipo de música você curte?";"What kind of music are you into?"
"Você torce pra que time?";"Which team do you root for?"
"A comida aqui é muito boa.";"The food here is very good."
"Você já veio aqui antes?";"Have you been here before?"
"Quer uma bebida?";"Do you want a drink?"
"Esse lugar é bem legal.";"This place is really nice."
"O trânsito estava horrível hoje.";"The traffic was horrible today."
"Demorei um pouco pra chegar.";"It took me a while to get here."
"E a sua família, tudo bem?";"And your family, is everyone okay?"
"Manda um abraço pra todo mundo.";"Send a hug to everyone."
"Gostei muito da sua camisa.";"I really liked your shirt."
"Que legal isso que você falou.";"That's really cool, what you said."
"Sério? Não sabia disso.";"Really? I didn't know that."
"Pois é, né?";"Yeah, right?"
"Com certeza.";"For sure."
"Entendi.";"I see."
"Falando nisso, você viu o jogo ontem?";"Speaking of which, did you see the game yesterday?"
"Bom, eu preciso ir agora.";"Well, I need to go now."
"Foi bom te ver!";"It was good to see you!"
"A gente se fala.";"We'll talk later."
"Até mais!";"See you later!"
"Se cuida!";"Take care!"
"Tenha uma boa noite.";"Have a good night."
"Bom trabalho pra você.";"Have a good day at work."
"Até a próxima!";"Until next time!"
